temperature,humidity,hour_of_day,energy_demand
29.36350297118406,41.10797573031718,6,1295.813559176839
43.767857660247905,62.514056842701486,2,1381.6962915976421
38.29984854528513,82.37675015258449,22,1099.7006411799214
34.96646210492592,73.93349318457368,13,1138.6509128874065
23.900466011060914,78.39366887168698,23,827.716942320221
23.899863008405067,69.52700200264304,9,924.5064181186018
21.452090304204987,71.53659387107115,15,882.284301446993
41.654403644373375,80.95173909391916,15,1144.1957911996888
35.02787529358022,44.98008053155115,21,1333.5861455766947
37.70181444490114,59.36549781858843,9,1408.6160631105838
20.514612357395063,43.27256650917613,12,1087.1569028036188
44.247746304049855,89.26008047979883,5,1100.0699776148228
40.81106602001054,86.64356038119679,11,1105.459168424017
25.308477766956905,32.365608682110356,8,1266.9757449289946
24.545624180177516,72.33451035094131,12,943.287426922659
24.585112746335845,85.51489904493995,3,766.0393691143865
27.60605607398844,40.83452070764001,23,1197.4849552459898
33.11891079080595,64.07671383315777,10,1176.6789130618688
30.798625466052894,84.92929785528251,19,812.5611638296147
27.28072850495105,32.03675871514793,17,1414.6744138634067
35.296322368059485,71.84521603481039,10,1146.2986525312172
23.487346516301045,47.840940442353045,20,1095.4540202383448
27.303616213380455,85.46377172259182,3,824.3861744853111
29.159046082342293,88.26349470992207,17,836.7704600242052
31.4017496054259,86.65598934680604,0,907.1761966013679
39.62939903482534,58.45285299944783,6,1260.6372070642217
24.991844553958995,81.72255905935882,5,853.2051264303182
32.855860960340294,80.67296391210422,14,972.842020958021
34.81036422155106,49.146028394595334,17,1269.9380471002885
21.161260317999943,79.73492844904064,23,709.4491764464559
35.18862129753596,32.220458082929554,10,1509.4694352587132
24.263103092182288,65.77619270892319,19,910.6964354469121
21.62628982463199,43.80053023726218,23,1106.1028948942171
43.722138431333335,37.23401314663673,14,1706.994755204713
44.14080082686398,34.61719209775255,15,1677.0587998648973
40.20993370291153,71.77732655268838,6,1151.8445300404019
27.61534422933427,50.39249782608397,20,1092.0545657116559
22.441802850159597,73.48600629172569,9,840.5668545204829
37.10582566280392,33.92138044793654,11,1458.5114668141955
31.003812343490033,48.91742026983662,23,1194.6453894956167
23.05095587111947,62.36947754252023,13,1049.5270367902963
32.37942275278176,77.44338989033781,4,931.9865959233359
20.85971302788046,49.12515017592419,20,1057.3785518383825
42.73301005196955,67.55348258622055,17,1267.801270686761
26.469499540000424,83.15866489417124,4,886.3581368238238
36.56305710884955,66.95179129093827,2,1253.6235659208435
27.792776902235275,43.97756848521803,22,1245.630931020519
33.00170052944527,31.464046893392283,4,1544.9561717371587
33.667756983581995,82.2059324340558,23,969.085464077465
24.621361388138176,31.27616465102323,16,1368.0914369600089
44.239615694113965,82.48210036105196,18,1273.0680041083365
39.37832058402786,61.73622804163272,18,1329.1900539191524
43.48747353910473,86.34406191077377,20,1028.6899785951036
42.37068376069122,77.92699414641993,11,1257.591901511345
34.94749947027713,89.87604663200025,8,876.5965433638669
43.04685587557792,51.04270892710261,0,1430.6335371927594
22.212312551297988,76.0312973358676,17,848.8280234912181
24.89957156047863,54.11585481655453,20,1085.1469270298958
21.13068222276345,58.79253721823453,3,942.1950039732345
28.133258269081608,67.6503277931022,9,1067.9483642584755
29.71693224223705,82.42062685118032,6,834.7895196299279
26.783725794347397,89.04500815195772,21,743.0892446312066
40.718437728798236,76.0964048318711,22,1195.858978779797
28.918833167339734,55.066006930040025,0,1216.3561528682303
27.023362742184517,55.281420136624206,16,1243.9748329261088
33.56740207895621,74.25493809533349,23,1050.447494762176
23.523105624369066,44.32662874609814,1,1169.1963163636804
40.054924518850996,36.62844678788368,10,1683.8929807389425
21.863766091994272,51.27732945844659,8,990.9602254187448
44.672173415012935,47.2343394992449,6,1552.5850659434388
39.306119232416435,47.778487227359406,21,1446.754659849042
24.96789203835431,44.0164650629946,16,1281.5862619409775
20.13805292809006,32.525591378181716,16,1170.648075753173
40.386535711370854,31.072436084004828,1,1550.036064197343
37.671433596190425,89.26334338416189,5,961.8643486374249
38.22517920102469,55.66638802415174,13,1376.726086895058
39.281758667148644,53.0595988295809,5,1411.1823827338542
21.85111629335226,70.77883696158419,1,855.1111450418168
28.961643213606813,43.09523327190385,0,1240.7098700475835
22.896726488128245,86.99767103701352,9,758.7808916302369
41.57758564688984,77.18070086493313,20,1174.796928102188
35.58245317068895,35.36466013873557,4,1545.2532835258125
28.27245062131623,55.0548465470957,1,1123.1834941337945
21.588958757150593,82.74709845372988,21,685.1540199280848
27.774558042891556,86.68392133748462,15,861.1323989865764
28.12958305066868,58.044090674992184,1,1092.0750202303784
38.2401544584516,66.80468335264246,9,1168.2065878588737
35.93893678388033,40.02203676552451,1,1417.775764941253
42.18031856440817,89.4701175682186,15,1093.868283335677
31.805373129048732,43.90030208300661,15,1319.9108484619428
22.98985614845754,86.56390644810753,18,795.9372228692241
37.83111968057487,68.97879893954212,6,1127.5504243854766
39.019626215422434,66.46420769273155,21,1238.5313783573602
34.03192993923741,60.76131066099052,11,1215.6326421826566
39.27417949886403,43.84018870306552,23,1452.4664532289646
32.34488990910977,40.591681920330494,14,1411.570293531184
33.06832073454985,43.22917254421052,7,1263.6959700543416
30.68852545896374,41.18629572865527,5,1311.4905964794611
20.63547816860238,76.7750684140052,9,909.4062537176559
22.69728567483261,51.0075155500038,2,966.0323907026778
20.785729642168356,33.47056059380378,18,1228.128588719554
35.91026028159451,88.14615780844868,16,1042.9055937885946
27.858899526908168,83.02715309780554,6,841.9874219577879
32.71426727911757,85.66513699171279,20,932.0323232710253
42.689161848152324,89.69446935878611,19,938.0552428205544
26.232305728721872,40.433714953169236,3,1250.2214337742425
30.259573075890742,53.77452113415953,13,1179.3618398645397
38.888778463576216,75.49430854224548,19,1138.3263480782268
25.71995413729056,71.76123708322754,21,895.3149753680613
21.924497745719826,39.233754380391304,14,1310.0690625685652
27.2437863228442,78.94998749943707,23,882.7106176508071
24.03053218135011,43.46643431019964,7,1140.3151090618667
43.242441308564324,43.42905688935738,20,1455.0736193150349
40.20300948911043,62.218465373604815,14,1337.9328811386551
35.835093912760584,65.57639609050219,21,1202.099361267531
41.786514754692945,64.80517247026867,19,1283.650975800211
40.09180192247786,35.489210243865294,13,1571.6611180140321
24.664251472150895,82.64765175782281,8,738.1791786724739
42.313974962249446,45.93600255532236,7,1513.6765454645315
33.48355604789127,37.77089527696825,16,1479.931565153601
40.18600387910156,83.32488479213863,1,1138.5317354267008
42.40228249808733,87.3390898937852,23,1024.904756363377
27.950086874296595,81.72765703592704,2,868.0240450475424
22.75129811319192,78.57096448349269,7,763.2311197080182
25.698379063548543,69.3145188383413,11,966.2106826558938
30.677694715656408,63.05144223654836,0,1103.1307646493447
40.45036914806233,35.21920559468461,9,1627.1981396956478
41.51826458140859,54.50719278424192,19,1411.7317690753312
20.17380326327977,52.36131102073884,2,926.9893954484165
32.768682564439146,45.585227025619574,5,1262.0308106742643
30.435275078719474,73.40520682131509,6,1048.9468471371226
25.552695261768257,59.75254410472625,19,1002.4998408140607
22.99663418334207,34.862772954458876,22,1226.6056740231475
28.4403792850907,43.21099211698868,17,1339.4309801340864
43.572742597812976,70.99552581957576,10,1334.671747378543
28.080073300518883,34.56785156941801,18,1393.2490818647996
32.96976554358415,81.07241484292612,4,993.4000464046096
37.57547397237944,59.70879162083846,18,1198.5883751943543
29.09074005948235,58.83519463959888,10,1118.9653470356313
44.29455206802402,65.54446707957106,23,1353.8766603897493
44.06118237355278,79.48085795550895,11,1305.797283268849
26.294557395634104,50.86855247413158,9,1170.5104011541548
32.431212647309636,70.68096915354381,7,999.5787383229498
27.521957745419243,63.94391783974746,23,970.0956740303851
27.12101235943669,46.02169621016528,8,1226.3963452597347
20.92217368386332,82.71779918130949,3,680.3768027445772
35.23910834949742,77.8455612964157,4,1025.9665517362748
32.56697558072154,69.50711007950554,20,1087.0199205079912
21.286968781249733,81.03490374565452,7,570.3141540337706
26.966161605915286,82.03765205758813,22,918.9650871178284
42.70664714916634,72.50177860290208,8,1192.561465201753
25.989047266674312,80.22079970182033,14,879.6697667889615
23.622371802280576,71.84828770015702,14,818.7297083692279
32.23631900693908,70.80844630561802,15,1065.5148615623498
44.641261352765014,67.11668269291106,13,1433.8928024444444
26.05138178778751,75.16299837345846,7,773.5892930378717
36.80338868514696,39.51630631758442,17,1547.214714886552
39.04049038321794,82.85224555193571,9,1088.6025473333827
25.940938599809993,82.31061166471392,19,820.0708773600703
38.205408715296485,31.75483698207355,5,1579.4360251594496
29.194578317981332,79.54900503388576,11,960.4725909953154
35.807645764839485,37.73219204840671,1,1395.5834622311813
35.838242769022365,50.10713125554851,6,1297.4660854982112
33.394367101868966,74.61049537749646,15,998.704579399874
22.257244251360206,39.64559376289849,2,1173.2787639776232
40.88256238973095,79.07802144714373,12,1261.9737910239778
28.019501624293397,79.92805067746451,2,769.8874813773998
24.662962759996354,60.44806402565017,17,1000.6963196365238
21.0193785388691,30.383152303010014,10,1257.4672839531352
34.77232357970605,47.22228799049476,7,1331.890662874851
36.939109046057055,67.01561510254453,5,1212.5848449674172
20.414695723196402,88.87117068164541,0,611.9722086295907
32.802326457482025,67.9088116210001,0,1061.1604766173568
25.66239437994845,45.588214863849586,22,1212.5222742639603
36.12931976023624,68.04034218597668,7,1175.282751698123
24.359160725124788,62.39912278295133,4,990.1408854580374
37.27344345256165,76.79072370906862,15,1133.1874175399525
29.668383657513434,36.4188383296175,10,1428.3369004000865
43.418249718418366,75.66167415012168,4,1178.932783305637
23.43802360364983,62.47599472056662,3,904.3658107580266
28.52665877625646,87.77952023153968,5,830.0430225531985
22.83683803101473,50.51232996232116,13,1020.3616625347375
43.11734045696407,67.9573135880369,21,1287.3826487407368
41.93348383452452,85.92168633060105,18,1113.6248957713542
26.44854069287889,36.15058367944076,8,1197.1772405305226
36.499601150854474,86.23370923418707,11,971.0915516894055
40.4305550050304,71.27314333804881,10,1240.4308621053524
33.88002028998656,34.07022354631032,13,1538.5963331615792
33.24126445890016,48.057814016808976,22,1251.5992494470229
26.046307272511292,72.4903253187169,15,1006.6919622583065
22.32756919514748,34.041036088126305,0,1209.2999843995124
42.43039394883317,64.9302276105764,12,1414.8248379793981
42.51045142908326,50.752983417177404,22,1412.4546139708889
35.827536431831696,67.25493106604863,20,1141.5609385708792
28.475744776217518,32.74452202875077,20,1360.4938554036924
28.73023936531652,82.29220836914257,12,892.707180477829
38.14889197175599,88.4093381506438,1,1026.5356652859434
42.42775649881443,88.13267131714149,3,956.8502305403606
42.177160606627936,74.97910990457548,5,1314.8723900263008
39.496888646440595,37.80517440783792,22,1554.7747592001908
36.05079115385719,75.49579175574135,4,1057.3813140679795
22.103499124876222,31.47521498752809,2,1199.7017489433765
24.040717852365344,31.327413091739835,0,1224.219195557481
42.463854713176985,49.41661314897247,3,1487.391736482302
35.16072649148975,59.318591424279944,19,1259.7776990266132
20.22992629041574,76.22444506846759,1,734.2277687171439
22.536788571650803,70.9977225963903,4,896.1080661180381
36.5875442277014,56.7541623826049,2,1218.846258389923
20.126539596155467,46.41759997689995,8,984.1642496547681
24.020201285437466,89.82747000946267,19,772.7963858764
33.71834473416465,55.57087813415838,5,1248.2135440186366
37.297379942317335,57.08322145978053,17,1394.9577943392078
36.29903148756502,39.81742927150015,5,1385.1093516169142
25.606732736513994,77.68857292499575,18,839.0726558918858
37.8044805336884,71.62093354688932,11,1171.9498092319977
25.931227187420003,43.24617676732562,10,1194.959833998193
28.134992453981695,34.94286273695056,1,1348.5394822215508
38.662285127950604,70.82995812448279,14,1177.389818467862
36.24082247618037,69.27067285686812,11,1123.5262280515617
41.23058526235445,46.395571619892564,11,1517.7567596609251
36.44032230750858,87.05181373502462,8,893.7890000086649
34.20771508338679,39.06347350685401,20,1303.5463700254263
22.341869195702312,55.940088062556114,23,994.099364981549
29.19289507648584,86.61695521005593,1,730.227347278647
26.630059192043134,55.18363901556734,21,1119.5287634999604
26.09974108447709,68.31155685984513,2,869.1125667784507
44.325263868811135,53.855663877767654,11,1385.9149492775587
29.82744311666901,46.452912140920205,15,1267.3299084171385
42.30116387942783,89.0386588775897,20,1062.8664139774837
35.778465649931576,54.560040378902585,23,1294.5426623937028
39.870282588541215,83.64595222074806,0,1069.5469145141365
32.5659273276298,43.79727635346517,20,1260.3801519620572
34.422597115658974,42.786282241505,2,1396.2421789444595
32.3129423454716,31.86804497307068,19,1475.5853225027124
24.881074694951113,69.10000952255311,1,846.3332922507141
38.06130288153763,52.11158062342567,8,1331.0599444635152
27.019309061021396,81.86149499037822,18,858.0492299611948
20.607899160786346,58.392594401493426,14,989.2511183401945
36.13680739767919,88.09160567488331,17,981.5739016160453
24.427766985176223,41.13153094218727,10,1223.846141678003
43.51146460882286,82.11739007733664,22,1181.1461679151755
43.84821442506468,76.59581116750451,15,1205.3135218461919
42.871609755511216,76.25531067864313,21,1231.7477450868341
29.25396750638611,80.68699368701326,16,985.2660498341522
20.386415413221684,75.66143945657993,4,832.8206633730779
43.20796406469313,67.57321929788492,11,1231.2587221081455
30.704603707932858,37.87469266094325,10,1376.200064693464
44.16637047609174,31.951570769475115,14,1615.556673109404
44.09049942723132,85.2508708689412,2,1007.5480953665731
41.325236386684,66.99901887124429,0,1263.719191401611
27.36122230173964,77.79223745857058,19,849.344481806569
29.62744321504813,58.891341090753,15,1168.6280009819698
41.27841678792142,37.038491337743665,1,1579.4898068853577
27.923050128906944,37.511147532153025,1,1345.7443251620048
24.237318667152312,71.13391723373829,2,876.1032222709524
33.92003156145876,55.818353693967765,7,1366.384875155452
43.40386935401952,42.0314836020202,23,1563.0830438094492
37.400744916874324,59.49567280448621,14,1395.182122520985
34.25152925223412,33.85253622450804,6,1329.8633327733896
22.429412344269213,64.91828411486392,5,966.8923822142763
35.37518066747924,46.13960426610586,8,1337.0695461987482
44.75134625260658,77.85354603823129,19,1119.0741016984553
23.5021003809131,48.621717535414426,0,1104.8520877255237
32.95824130909342,57.31320894490807,7,1170.8849598335717
41.93432679819888,30.697232394486036,22,1660.7168744415244
38.51921544385511,34.34681326767353,22,1577.4699990779209
37.4253935248817,53.549613384401084,2,1238.5542308155434
37.56210209967773,58.796330083027414,3,1314.0246902860383
28.98727878049388,66.00123288715822,14,1070.0572209493312
27.339796106612333,47.499754722558194,5,1239.4404336413284
40.23402888696284,71.69891316759255,14,1227.434034613438
40.25283486697952,81.60734383135227,20,1065.4628143994964
41.67680796450259,76.791059333601,2,1166.9782679884893
42.83101381391178,32.37712952090143,20,1637.942016388214
32.783559971523445,58.830416835469734,20,1134.2277910011849
32.53790736717999,36.29581070509049,13,1412.9848037449308
39.95737947416938,44.522700951751645,19,1392.5768032401816
36.24909826944413,89.19975559602878,13,961.252154939085
37.54917193144259,38.5497325740908,3,1499.3016158878227
39.89481673590252,59.933289207081366,11,1341.6957339519297
42.250133545439155,67.08934405908715,16,1374.562495120278
28.449878921288395,72.14789823264624,6,938.2471227166518
29.389573815998602,63.578921009214845,8,980.4263663416577
22.349548496021725,30.58625084515102,2,1270.9922058467534
34.45700352490435,49.58767849463951,12,1309.5821285000216
20.898556844918552,61.06269860308269,14,945.6757864293675
31.639950453311506,35.27198994869,17,1491.957711953536
33.56611586768942,51.037615872550845,18,1252.9026356422041
27.163531303207108,31.992186527481994,0,1331.5859501625414
34.770831514225264,34.71470982930124,5,1446.2436144897033
20.762506248476235,53.815396572095764,22,1012.1424450204222
20.93370471873036,37.96294524258362,1,1181.8023102228722
40.56501401649146,64.05245089569348,23,1283.967721585339
29.00476603528157,71.36789814823595,13,998.3976068942519
23.17651281629712,78.03520194654497,5,806.8468620617907
33.05608150137011,42.009014654688606,13,1457.8142783377443
39.24983882746527,40.04895493554419,3,1483.1427302118786
25.395525687421078,36.274070420064014,20,1231.80700382663
35.57226189547501,68.1858149726182,7,1148.9956010667174
22.1336866248442,72.38854358921407,2,820.7246476232239
21.292043029215193,31.895168689538522,18,1190.0037024930286
33.2838657892037,86.17273477462139,13,965.9165080577341
33.51587804025266,33.118277019088346,19,1371.7966701759815
35.935747537455164,62.47778011806423,16,1262.6611818888832
38.15228334306654,72.54363116705498,7,1097.7522189704525
44.396301986563365,82.25814742476513,23,1167.1883056929332
32.907508707529885,72.84521592794567,13,1099.2277101811028
28.073911823531148,78.10368498418751,5,1003.1365539259264
39.87965486921759,50.367011552568364,22,1431.0604799480143
26.770806281551856,78.88950682479074,21,914.7609978702466
30.9742855176409,34.806890783080505,15,1515.0041934567091
21.961409533556647,83.68899936363167,18,776.8009928847887
20.633768585386438,62.85554256922418,13,948.4044360288469
44.06621036694813,79.03786619774962,18,1187.6094899201555
40.89950301280514,57.13909707109801,2,1340.767592925103
37.39935515234245,68.6146617117915,9,1175.6860994471408
30.223823610356746,61.58415965616679,18,1118.5819331392477
24.332358001771144,73.89537130531991,8,941.2266157918473
23.91092606677715,34.897798921835374,19,1234.9716075771887
26.256072454114882,33.62112503943383,12,1295.115219802154
33.730666617653014,44.82619404060878,6,1395.0780646815376
37.86489806750156,39.5726808067913,13,1559.3349270939905
36.50493441794328,82.3070139955321,8,1057.4112230335645
26.99834742364857,43.15283924148266,22,1108.1320459030253
43.87163201657985,88.55191534914788,18,1239.3470347261928
38.44742291739421,50.213747506266415,14,1388.8852461805257
33.85885131278502,40.927074941321955,19,1406.8040154821185
35.2930186558588,77.38191042854875,13,1208.23125836254
30.490001560694747,69.52246653005257,23,1122.3420033229002
26.193274737528938,59.89174298718834,5,976.0699586050612
28.89931696628154,63.321813056257874,20,972.5423419129382
38.94615276160923,73.15210669633584,3,1218.9193182112226
20.359837215743898,43.70728447987793,7,1077.2266900957986
22.901816012672906,89.78003496340452,16,685.1918985543089
21.15006605054382,88.487589728807,8,669.1863510697588
21.018220057974254,69.01954118081622,0,822.0250104783507
41.38651460027518,41.972547055748706,23,1543.0710283004537
37.591446484500594,70.81369454587748,19,1147.0410746221737
31.85434572718313,34.33190453875055,13,1479.8872655725656
22.445854016275035,31.839150132348365,10,1235.7989445451974
32.29039687792081,45.46097331067282,20,1362.4213051083198
31.836794269514144,57.75737740435898,2,1194.043279883315
24.33004674775038,82.09635032450282,8,797.9523001801581
30.846291230949326,73.63014418597848,13,974.7408864086021
29.962618359934336,74.56239127199886,8,1038.6100753109104
35.396252451305415,55.52960006688452,3,1251.9432433889497
35.877341271691094,50.75609955281777,3,1346.3882730271362
21.132600244301113,52.262325779076164,7,983.8875239079302
29.36531536566178,89.25897382416346,1,807.7610223057059
35.64649789285591,32.406551484748945,8,1503.720810615599
32.578406464502194,82.02188976734692,13,840.3526850164037
41.41224602970806,64.7205245143436,21,1310.1620816834666
36.46734079047363,56.31692515137543,8,1364.4446373818223
24.073360677035744,73.51545962490819,23,873.3016302412308
21.764218685010746,59.200136485482176,22,895.3975964009063
36.06048195515789,82.40539428489964,15,1079.6537745618557
20.662782763540545,84.04211184067552,16,775.8085633727227
34.64438953183658,55.30325561240733,15,1315.4785603221776
43.50575603562394,46.60966783410309,11,1550.3120870499458
34.386854446896976,65.54101971560173,2,1120.2194304907255
29.70424815516305,84.74180073700145,10,884.3514679649062
36.082205461058834,42.63973134033999,13,1480.1356408683373
31.456322262287916,67.37799501380897,17,1034.990295354687
33.64041973289837,67.89361320555123,20,1075.2786045596847
43.53662021941313,73.98678134491686,20,1310.6450820896416
29.652565945019354,37.894061107635586,4,1395.82047115289
44.029764095597855,72.94949788092532,15,1227.1929487126208
42.63376604890159,84.54195123993847,19,1050.6851280154665
24.89477836973241,40.78098653221452,4,1176.5546730961062
21.734032521879136,44.25259949543266,2,1136.7841313389738
22.519450034435668,88.28370564249838,11,626.1782265610801
20.455545641288744,40.85861716256939,0,1097.7843094542072
22.36107401889821,81.26310560217475,20,710.8814665272345
37.07516933540892,59.53667138688209,8,1312.4349065536192
21.779716211505725,44.833864464190626,8,1003.4102558897456
27.974390757344032,82.24499407635068,3,841.6649051580549
41.12188277423637,56.71831530015993,2,1335.5740306156983
20.581798393395648,60.88904123578141,16,1026.2355018239632
40.36171206472339,51.55400216398594,1,1421.576851972271
27.046369369334997,65.57705108609565,23,955.8660935628568
22.954120690541405,39.81143235510137,0,1203.6374124262684
37.41842913410377,53.46489219910564,7,1294.2782180255904
35.7235711694971,88.16473934011725,12,1032.7905155507572
41.936800338176326,45.48800596206765,22,1472.002097598571
38.37677609509714,69.40419987247753,14,1276.2268521156059
40.08702325962122,49.511403853481696,7,1428.43052441397
27.050864314282663,76.40838754119605,11,1089.9579649082639
24.43598859449307,37.85241964310099,21,1207.5507751880514
38.76536879102146,88.18926270471269,11,1062.5578633543746
40.1708684816816,57.22737248301836,13,1357.172407717652
44.76262855001683,44.16302780078784,14,1603.756560030197
30.315441922785663,34.409804839800756,14,1277.1190333502336
29.30045214481958,40.18547430525244,8,1307.433500670919
39.41032401854992,61.186436913361064,18,1393.4858218848585
28.520088506325447,50.22019058587718,19,1188.0313644977048
43.26893314008912,79.73300195295657,21,1102.3555703733477
41.4603187960753,55.85325141970836,7,1330.5845040889722
30.72485068437546,44.92285635525779,20,1143.7588437771178
38.771776694787434,67.0286991962418,18,1304.094742276602
38.86357185211706,72.40663301312675,5,1102.8794422755948
22.578096720898316,40.02251447405699,19,1149.901360166785
42.56382266698917,40.05715297729906,18,1593.0180449504319
32.63130931119643,32.20028561601258,3,1505.0096818467161
40.66143665269354,74.18412090393844,22,1175.651589912773
28.00124002576529,69.8282716573083,6,1002.1867299475232
42.388080712405014,58.477852544988835,3,1390.306277005595
29.73004196835408,80.65022693815183,21,956.0691409836332
20.27094128700746,78.34020917700319,11,760.0605492449694
42.63454941048159,65.12126186380513,12,1444.9591360968063
22.28216691965334,82.09627683079552,2,625.3974622651459
27.982840939760372,42.350472602206096,21,1279.0257676732083
43.751549176270125,36.71517716386367,11,1614.548231453559
43.7651786734389,46.18497669101937,1,1488.8163289195868
34.335947203082156,33.42521136535889,23,1480.937543753106
35.79593030424498,61.87017168006192,1,1225.2869917766677
31.211138049457993,86.19634153769769,22,892.5807462966865
27.330269292451614,32.36061244011058,8,1253.6913642426646
28.2166136342479,37.32659484060161,0,1363.5178358429037
36.81296140192596,57.13194169700611,7,1219.9074551570743
38.809363235942,86.0325010516743,22,977.4978996908369
39.78947609314621,48.96936629860503,5,1437.9906957852152
39.740453569863845,60.43408852130355,5,1276.1321274461793
22.280152576217258,32.494371543023526,21,1236.0723781222346
32.36050761756454,38.90059205772533,17,1300.374196942398
21.438969000416108,89.19780737753081,16,701.0175287089756
33.738222058093385,87.90712178616273,11,956.5848172758509
31.038262534334425,30.296398856064577,5,1392.3083352378285
42.19260456895749,87.10870712539435,7,969.0612221369669
28.77287531380197,68.34719626893002,18,1031.345130512659
22.926675410690148,82.07509767120132,9,785.9138385118591
23.574792051320898,57.28439133803155,0,980.2904781295778
39.03776579293681,60.93576171475502,12,1229.588975489561
35.45545158290653,59.33079481541521,16,1345.5377838698241
22.528066903069757,70.01185545276627,2,818.4997071365138
22.102670152874936,38.379075285378775,7,1147.152417057566
37.524228286478,31.798415392360678,13,1462.0266957450388
21.819075159104838,48.47579649547146,2,1131.3663056622925
40.546501482258904,72.2808457641988,15,1214.7940754164872
37.65605567891241,42.1112071273769,12,1486.9321831581892
22.033719516047494,70.40594599949503,19,892.6518025668322
22.120942852129797,88.19472276643623,23,626.6564191424025
44.66598946252938,35.6340429473651,16,1735.1416091462638
29.356769893903007,70.35612709350758,12,930.5078541459272
29.26605367667227,56.62501315827427,5,1146.6202748292685
40.31998918143756,82.08853526265032,16,1214.1265393282308
43.68121443459647,40.628987366843155,13,1588.3135726625965
44.650026595571774,71.55755713356987,16,1383.3690415906567
38.83445463147354,80.28691737888661,7,1165.5160514502938
29.406489638272895,86.6768531684414,10,858.6191691783428
22.08751791746672,70.99488169737876,19,814.9251270830538
39.42867289818592,59.83048584050564,0,1245.353912267047
33.960106243395124,67.07083441207283,6,1083.0072729879175
30.605550231174405,82.1342990687231,20,850.0000194226261
42.6588596273684,64.23658479832977,20,1265.855789642709
22.779937057653783,31.82322358181021,16,1347.3082701705416
32.31562760727148,85.85692173041866,9,898.2470335768301
20.283841119185478,71.37160506189366,10,854.8868675007541
31.716516049853155,70.59080314663478,21,1030.3339612915272
21.407581892045933,42.94050914386303,8,1173.6512745308444
22.9704479067018,69.53312821395943,8,838.919864391691
22.93815616942762,53.63186433924951,23,1041.5018823287735
36.23025755290159,69.07397862248953,4,1173.418849946942
38.65112198163558,36.39558181847944,16,1633.5541018139463
34.584219127428995,69.47071827618217,8,1071.0895325344948
44.05431371186354,89.96482354623998,16,1100.543415338252
29.3717644880926,32.892722331633365,23,1305.4190137475155
27.142802157046518,88.63045105327905,20,868.3665136505518
41.71497820473651,54.41447764337224,18,1509.378409570027
25.589895962986315,82.24520702023554,6,787.2357793417688
44.08056348601528,76.94312904349641,22,1308.7519368416945
20.30386186724541,64.02097565920008,8,860.7743110346246
44.246970667690974,74.30695255507959,6,1278.0904113747001
21.0789977987644,82.71093367808086,12,744.9792142806155
42.27857784245178,54.24841929906198,10,1472.9776364459394
33.1925277271575,49.62198969379432,13,1332.218729731884
44.82411990298251,70.05560313381508,18,1324.677098052667
21.84491411838497,78.47075651647552,10,856.8156441072118
33.84635711003302,75.73710808659695,12,1105.3536822188862
44.23256339047747,77.86881893151806,13,1307.347808169443
33.077446104253724,56.13499888877598,12,1266.2102924722822
35.73496595338156,79.0700529705013,0,978.6702952737616
37.39371722461543,37.212543322236506,7,1561.2182145978288
31.36352661919433,62.669345877650976,11,1137.4492619290056
35.68895200210159,30.345519629887296,18,1578.5271951715795
34.607857798077504,49.47514979401622,11,1379.1747259625013
42.52895026227472,51.98769209228387,7,1448.5731701335367
21.136159508536448,53.770361496555324,7,1030.7904262666893
27.024079739805757,71.72803240139173,20,976.8701668980228
43.76028710191397,53.31348607622074,12,1480.8292061237096
42.25659459727291,56.921617357351835,11,1507.1890854697222
31.391418819642823,44.252647852459646,15,1321.9567201601967
35.50331494503842,52.39510749776041,0,1302.9526763672036
26.934529574528316,43.63617763578909,12,1232.944905952464
24.703028993094033,34.39175542610662,6,1216.4693494682751
31.592460123499556,66.20691560288267,4,1121.989600880708
28.833805700651318,70.09276791330097,7,1131.8432797513187
34.5914027962718,67.16942076057687,13,1152.0458539036515
21.94336592412462,57.80964262803434,22,1021.536970936053
44.35987019165417,52.78714681075379,12,1493.0303700905358
44.65526861199007,81.80001897430952,14,1224.580933653906
37.45404285049363,61.144907108173086,22,1325.5109745397253
33.40240915860301,58.75091265778386,16,1176.8622923404564
27.738190407158193,31.538523948386143,14,1322.4706152281462
40.344875492673715,50.474869657569386,19,1397.7888808396228
37.11827931384698,52.811737127151424,17,1397.431016402309
24.065423483622283,53.92936685381403,17,1115.1981297183495
42.77317961234606,64.81034215363994,1,1325.3941294951717
40.56343107307923,62.016152803612705,3,1292.8136925010365
43.7449978322981,66.47430556760668,0,1349.4839023190912
38.142987709709004,75.8929956925277,3,958.2461751666544
35.33537989839475,78.7791443229656,17,1031.3758894838518
30.456075907265472,73.08738457358967,4,973.5670519452402
43.31821208385033,87.33142175729608,18,1178.276764059171
41.65159723751021,31.093954960581698,14,1746.5806521478157
21.130466752654733,41.74667914101276,7,1060.88755823461
20.6591743624313,30.453772498688526,19,1281.4996935385693
29.41158417195124,68.84848284927618,16,1027.1187714861949
40.26383326954583,83.88183293699922,0,1059.9628468718902
44.68190323287361,44.608937794577955,11,1626.6203126515734
23.760422277588205,85.6220726877784,18,758.8259147086413
34.853267883803376,33.61604341737365,14,1566.4108038356467
29.52227141577554,86.06616160833086,8,809.553604976545
44.24785994536508,51.09736123437806,6,1454.5068369995042
41.05297307839272,36.08524970695299,1,1612.805962208791
40.958217617778445,59.15230555117954,8,1289.485077430391
31.717328994874258,45.40659406323048,9,1342.7270940310136
30.37048755844163,47.092374117715366,1,1153.4618766069877
26.835176798267657,48.43739789557719,18,1293.3115246126408
21.409387416273177,78.1815538699598,10,856.6998064377042
41.61805940637633,62.34967660051527,12,1496.3697821014116
40.32252522825194,48.67846194936022,9,1536.584071643756
44.992941832153264,66.6200269986551,13,1327.17605517649
44.91592092684763,72.96904045339161,17,1352.0605070110662
33.88579264006569,46.35744004401202,18,1318.2410142501035
39.22468537951276,54.81294609152109,21,1415.2661220276993
43.619143247060705,37.313165600216855,8,1544.194194540167
41.24118476693529,40.86896097208082,6,1458.6763414059078
26.18370254357994,70.86707123789897,2,834.5127658077748
31.263603382752336,40.88630086173762,19,1291.9900679745203
23.228985378787375,61.50980302002361,5,915.0077861363329
43.85127568146806,72.54277570334597,20,1188.5153013039383
35.154365861272,36.41261538568463,1,1538.45161858077
25.71607013758657,64.03873317773422,5,1000.4281057937214
36.79251711014642,45.393767022081825,2,1402.5243989749458
35.45320601144739,87.77561251425479,15,1060.7662160487962
28.954067950821013,59.01273880319548,7,1101.7668605866122
22.838939804990726,78.35955298650948,1,735.7492561594628
36.78932988981999,63.01359252937571,16,1170.6401853767597
33.00769252259483,32.60475197128915,8,1393.853461121835
39.30795979339098,67.98908253564134,11,1331.5391505368293
33.00408752779983,87.08420053239942,2,826.4729394476944
41.3045375079635,66.09670920877987,10,1332.7800199713654
33.79767096936214,79.15133156560742,0,1036.1363608854465
34.023449288384654,83.05238780090447,22,964.212349780811
41.91634006645863,43.68478631693595,12,1571.4281045993423
30.087071655309927,42.7226903944936,14,1357.294724804934
23.35038071126602,66.6588593310595,4,919.3830645058579
20.719566907833475,54.66170818840229,20,1048.2279648963108
38.87843139184048,80.39167817200322,16,1071.6372597053967
35.507738783836615,84.00138740388067,22,982.1621454798648
37.60199420248059,51.20528275816309,23,1249.0750347681235
25.32410403772277,44.21223353846892,5,1060.6724360104392
23.409286889669243,76.83153091463171,20,795.7868771044685
20.36361664169705,46.48836213288817,21,1069.557689952297
28.764688970164926,79.3568591108207,10,1013.2585771569699
34.74794217136583,55.42429521892577,17,1411.7054778885818
29.806101127493307,70.05299395748823,3,1061.585116508258
30.936873050593228,35.73211883008009,2,1397.774559930965
42.60396736234371,67.43155948059439,12,1335.761995229621
28.706386675582507,57.10606072423374,22,1026.505723110144
32.84973722899527,65.19650779052844,8,1097.727836387531
39.591325318528575,40.0808524646918,20,1555.5368192865649
29.913569558031753,74.21242469665093,5,1001.0612369955279
35.552167505696836,81.7678246525937,11,979.0483962538524
41.55909271866863,43.00438800544654,1,1531.839256681831
43.738015591441055,35.7428733312097,2,1643.7512191101102
23.67683702322595,31.418315162780182,2,1276.848094842454
43.16469062903736,68.51829002659596,11,1326.7181345459207
32.30290732698845,66.42564216532685,14,1165.08092323371
26.45610970747396,62.8018447628442,8,1035.9693984666571
31.478393905956533,43.916825766958524,22,1258.326682177975
44.50081438213692,53.45435975433088,7,1478.2233931685344
32.31545234982174,65.66858011117039,10,1130.1534888473702
28.218790257187706,59.80601153155016,15,1041.9539964409403
35.835021357918144,89.26713121289325,21,895.9487632775222
26.003640469454826,38.18638515340399,3,1160.0244735877855
21.8965832027166,71.70867324285562,0,869.849608379281
23.22199304776623,54.259126086257524,23,1039.6430689704653
23.20114597394431,55.69197689553688,6,989.3286199632201
23.797567337807358,73.05586593949057,1,916.4187545256739
23.470679316235255,71.54616907946217,23,857.3514409091416
36.02186862008037,89.4753596221313,4,854.1226383819507
24.54700210997862,37.703657367247516,6,1191.9295415179067
28.64168208309658,36.246578963049984,3,1392.0105613950964
42.4197102476503,73.46032902772447,4,1180.317133421304
31.84904100657181,64.70321502038455,23,1103.7097343654823
36.68894346302568,46.44963999358835,0,1406.4763005503619
24.307996780040746,34.765162139339196,0,1268.00573843517
24.80722547021677,35.13949497578583,14,1417.2225495943821
21.021715406661972,83.6514524798471,19,625.1046204886052
24.223376576804114,41.512039483124575,18,1165.5239826781965
26.964758475798966,49.40229372693125,9,1137.2845098915602
24.42526210691867,43.59938413361928,17,1187.7154797513363
22.21756334392639,51.29977834991624,2,1086.322352788488
23.01589677751502,34.1654305647656,10,1217.076900912819
31.519469200818143,61.14358745449622,14,1224.6215347685975
25.158342960144815,34.05675381553289,10,1314.3556545439542
29.10674652620189,78.0213904693417,16,896.4711911700747
32.58543177137142,44.02272491462598,16,1273.9128884527759
37.25987071573413,62.400714876270634,5,1144.81174086151
20.982803496027472,82.80474525368749,4,658.3159469719784
39.98525997272607,69.05264214283164,7,1200.7212192390386
35.697509737272696,61.977467193080116,1,1261.4786716511753
22.043975798721796,49.460025186922536,15,1136.2336747146226
41.839465602669435,49.98011478349187,19,1395.0411016144546
43.02181001329533,70.1692173118914,23,1279.177291315601
21.526948996371594,89.64836167327005,11,766.6326766543434
26.921941203680092,69.71035139096271,5,1035.0311812154764
40.15503199482653,63.46700504220149,0,1252.710288896836
38.70649225959146,73.83903061435477,3,1183.6539605335317
24.613025483909432,57.91233673702309,16,1132.634910652349
25.233733083417757,33.60854055604711,12,1243.2356599489647
29.26180256978455,63.73780895267459,17,1072.2376075109603
32.11307462977553,87.45751707032281,4,978.6872586134457
35.4563692882574,40.51817654145958,23,1388.8938148445072
29.22284098924431,71.40029344923994,23,824.0063170574319
31.563367903328697,42.05602131954339,2,1304.659054351804
38.68677345334392,62.14966106838487,10,1358.4701333388227
20.917080072264948,35.800586978803175,12,1210.661253497312
26.31092360860052,57.02225617549111,3,1091.7641077571311
37.83373964711381,75.36979973371476,13,1199.8878954879153
42.38017094217999,50.85429145433892,21,1421.3136317285964
32.79193605289166,69.89470346923308,10,1080.9220370447833
33.30283713163289,77.72699764738375,9,1046.4588149565338
22.679300283494403,85.63066916876716,18,756.1682601287105
31.185309170586365,44.078524911327214,17,1335.6247752908039
33.31543166137558,53.958954948558485,5,1231.4769098760498
26.06176259086824,39.14496079982504,14,1242.3583370880774
26.731080773734526,89.5490101295025,20,776.6458596837128
29.432104077615566,85.62005807545772,9,912.4030981533824
20.501779944443157,62.39742781683358,4,819.2609023887545
28.05197913957946,80.52199766258528,4,836.3614903114379
25.286200174913617,61.25747863632253,9,1047.8032107620195
28.187433804447867,67.41514128016559,4,962.8816131734928
22.99405329548128,35.34746592696099,2,1238.2750055194053
42.263182018497375,75.31622522980848,22,1188.757261149006
34.83981133885122,37.66280901811409,5,1428.621763068643
36.97755797861224,79.5640578151517,3,1023.8751160465741
39.729280965183456,76.92168526022316,17,1075.7078255309068
32.46105497322643,72.52468186457858,8,921.4568647406203
22.17300720218559,32.169622831485725,16,1301.2443930634558
33.427663545463695,48.187701356719714,12,1350.0218611665466
34.671027950521975,45.78675419465057,14,1407.4861273814881
38.63598685460825,51.60818444829114,19,1363.3615347123991
30.791488655741986,35.25856480583031,16,1423.9724952252122
23.189507569889095,86.21746938186376,12,800.0666262600837
27.09439764496811,63.22813444274258,15,1081.837577092007
29.077057409965878,48.33145863948141,21,1250.2720293198092
36.147931033290035,53.818891024457,3,1293.3428024825605
34.269457616722796,56.83215243029014,4,1202.0485410055662
28.902418147446156,66.03566000163704,4,1027.401906040365
44.66288121982449,60.94076566178987,8,1342.0410737042264
35.14437048392218,85.16351839286504,16,982.2598793041977
25.93066979339986,59.817808974349816,12,1079.313871556501
22.544561815510093,89.52948088939877,1,663.8123440112647
23.821478479608302,81.08549746470575,12,810.253650944959
26.148943209612703,42.51063086144015,21,1128.4633200691424
24.017034331488894,85.83571287863498,20,753.8040351644638
24.664175601282643,36.98198387312856,22,1265.1750936243448
27.127379217346178,79.04698250947149,18,984.2622840148205
24.33433988236887,52.837397608594806,2,1080.4016213908658
42.41913561566063,82.67845922670418,9,1171.671211755745
22.005843641541055,82.08340140644702,1,668.6313832858433
33.11278473925637,78.35552400705727,12,1103.3013481826076
30.259920674741537,77.40182617842368,18,993.5718005542951
44.559465422715164,48.280748345882444,16,1568.0504836867517
22.80097255420131,34.85515698307513,20,1194.7650713443322
29.946389976143543,54.178810725909685,13,1191.2412139420308
44.236760831884226,40.41147089919052,11,1665.0338443483217
41.637678147349504,71.69706533414771,20,1164.7108784725833
40.426801773731995,50.76598359226713,11,1532.1477925099075
26.447570676123497,88.53661205159489,10,863.9616158834397
24.272189684751645,68.45832464071992,6,883.1574699444792
36.71608049811077,79.34883381806165,3,997.6400434879469
43.23439972818964,37.95148036451091,18,1534.412891500913
33.919072325348246,81.72086893635736,0,898.60206351918
34.2903172367475,85.36543143080365,23,968.6476050710572
26.999477341507102,59.22371512913615,2,1063.5194884838133
39.23732332979842,66.37517626505866,12,1295.6773822106863
24.676093713938084,75.88858805417973,14,792.3570119707563
28.09198091010609,40.49031763562475,1,1237.1456608407414
30.635910965410417,60.15396458780654,10,1229.542213744247
32.690259467111375,53.919781666338785,3,1209.806002412872
26.060243310377004,38.782439529734944,18,1219.7657341789916
22.87092061848009,52.05206533749188,16,1081.317642452538
35.265501061040816,34.09033856312961,2,1425.8557646712577
27.215763831006395,31.54871441696922,17,1395.5120854477054
34.530955535565305,38.109977349289366,7,1410.546606162798
23.859067881855058,87.78690669535044,21,726.4771238877113
32.02850254637043,62.97177215370102,23,1049.9561480521427
33.314735813789646,87.94932966919319,18,914.365591150606
21.295588420560673,55.94987269980792,4,1020.9347584830897
28.415106954848014,48.70896798511558,6,1113.4984565240304
23.360366923474356,60.36851177041464,20,913.3666199633418
21.584374261819192,56.37070131797461,7,977.945337556241
44.74900580974863,36.33988105570464,4,1645.917797592116
28.058846124368074,68.44957888141238,16,1002.2386415360991
40.24686114636587,42.96229095057598,4,1461.3926692896152
26.366016369094098,67.17527729386978,3,982.2288325209662
37.03756805559823,69.01206554388921,21,1193.1124557610658
39.00569649724216,39.12149118771889,18,1485.4379348031664
34.89096851519611,33.680977626640086,20,1479.2255700689188
31.78940471375396,76.84569516410639,1,1042.9319426343015
30.296022853681713,57.588025426159206,10,1174.2455997439856
28.721706663574885,33.48982773032855,21,1285.543898278786
43.23822860619565,89.69197903018602,12,1061.5401863806921
40.76548519469323,33.466833659782,14,1622.6044952304514
44.12567276666282,71.7021137315132,11,1367.2846832615055
23.10743058713862,89.02073551580482,21,669.9034640923932
38.27168688009111,44.350806252955536,20,1431.387274067563
43.458511420525944,38.53496212123177,21,1534.0035230895112
24.530826654141503,37.283096365345735,10,1316.9414510782
21.662406684169436,48.196508854055736,6,994.0001165845636
38.528016232251474,36.0627486606388,4,1484.7080138250599
34.3618278294978,71.52968050164792,16,1153.4354946757915
41.0457194189568,33.73750788780376,23,1481.5677345851018
23.494309415657238,60.56532768898738,19,972.9309689075563
39.88168279649726,89.8018112311786,8,947.6618652985702
25.040683001193614,78.83821617036114,13,863.2589682657165
24.091398571642614,66.91316629386066,11,945.093528108649
24.106644948274823,48.3752172471967,5,1203.6724677609539
40.364368005784556,67.43375017749831,16,1263.2937988807128
36.629930517405,61.6224878346991,18,1358.506300645276
33.076635619227986,55.565003033422286,18,1285.2302966095056
28.970762103087562,37.84262260441197,15,1310.916067481145
41.930013520327705,83.196252914428,11,1173.1782875252618
29.811127685565886,56.98707892927935,11,1161.1312771016337
40.41498598678943,41.6773507092459,19,1503.6340871803911
30.97837271425546,52.06556105263738,5,1163.2172943870723
29.423610735622688,54.84778515173562,22,1224.5032448623954
31.56699464174016,79.65227373401245,3,981.087060034515
27.534446854103553,74.01686283368412,5,912.1093871533095
38.69023450440628,76.15829361848039,10,1248.6774923067983
32.56800975231198,30.661875865718834,0,1448.4553985931936
25.80531737867043,54.96923989078569,23,1121.29519690861
42.48936433186421,58.88064909811942,22,1362.8958250322112
29.597280534330284,31.151536609383403,14,1450.1246243333007
33.58882152784972,45.58879252470206,10,1361.8165662628348
42.661802774113674,75.6173893873281,18,1251.8272293026894
35.605949897849804,38.22658234373994,17,1488.3797675389967
22.9224510177091,62.1186078871555,16,953.7763498582074
43.49580309033688,42.91211232103425,18,1570.7415052502408
35.692701326785446,30.727246478633596,20,1495.7438109250645
28.372640366427152,44.472087455972485,13,1284.2174836089332
23.48180181658468,88.55242529460322,17,732.582832410488
39.8506297317574,78.09222671297937,18,1224.7419541966399
35.50181889821284,87.574598659262,14,1026.6463073206187
33.33652729940804,59.27124263558174,14,1214.201741831075
42.347314576273945,36.584171920650206,3,1650.1937671915737
39.714930280613274,62.87756933842158,6,1359.1739434068224
23.79187199331878,57.26264007359765,12,951.0197243842932
27.793051694888707,80.66142496437695,2,895.8612885073187
26.212228495361643,35.88495484705467,15,1280.745811570111
38.598657314316924,59.29446822130669,8,1319.0658651394365
20.838310868394483,39.00291988163906,7,1188.6489155838208
34.24724212178291,49.480555613403595,19,1246.2896565760948
39.06146714351726,74.24142464326798,12,1096.1987414868775
41.91914091904374,58.56108776212599,16,1444.5436451704081
28.55204371789769,52.553297108746165,16,1202.2780273946726
40.531432616800316,53.66857671420212,16,1340.5209474988537
22.76579342388018,57.5668061043592,0,1106.1260327071525
41.16130729336295,77.10099263022342,7,1183.4371901778525
23.18721655829956,83.52508133641406,18,811.9985198081082
29.93218226400918,87.3200811902357,5,893.733721005929
39.932384144488836,77.2142031753177,2,1097.4644534942745
23.747935683719344,48.924413744880766,4,1092.2372818300132
25.731284880816037,71.28808236519254,12,885.7787782754071
38.05631420982665,56.25618744332351,14,1318.1669873990388
38.00091341365186,45.28023732276307,13,1476.4988950688683
36.02869082213243,80.45229476555537,22,932.7866354304723
37.3487111116775,32.3055809377395,15,1542.103935572251
33.56811108368991,84.1057195281254,17,933.908328395658
26.294976472673817,57.68864787748405,21,1056.1176629596532
28.642399837597985,68.23208860849682,21,1019.2621737502589
24.539942920035642,69.56123533234697,10,982.294145296066
42.71126403334071,83.70706444239218,2,1167.0954684818
34.584794869153015,68.20018093003245,21,1178.2999304113546
30.021285419090997,66.8360150856037,9,1112.427830209953
31.550145091103317,33.999122433641396,9,1535.3784724303732
43.68208349029538,61.104481316712246,20,1368.5719827020193
23.833785077902004,39.010140049022496,15,1227.9082433552878
34.65574580041993,74.24602612328914,11,1131.0200229435095
32.64721697211165,60.73331524876047,1,1134.790628204999
35.28635588586619,70.8136667525012,8,1190.2186866310644
20.452754595521014,32.50037403614306,23,1240.6005252057503
41.803097723603784,35.087520962748194,2,1622.7006520545694
43.302957062090314,72.97940328376094,23,1242.8360756062643
34.12832958973022,34.325060159920405,14,1468.9421316246573
37.4162705969223,34.27540366591552,2,1540.6376255076789
43.062484529432396,30.726508514093247,18,1647.6297328553674
37.68096585783496,87.39008389796881,17,1106.436654849062
23.813476072856535,74.25050156754043,7,824.8826705124577
34.407209004170326,51.19508451012385,16,1341.4486716442045
35.1678761595714,47.792134877259315,7,1279.9561206091703
30.60326678255965,50.982193784750976,6,1238.3927109596443
38.411105890618074,76.47921187087091,6,1080.7429184617358
43.35917536922537,69.68223666422486,2,1302.8225802575134
43.13921282266941,41.11173407204808,0,1589.5365891817767
31.270984285103303,40.44656012004506,3,1288.5724788221883
22.830951146018883,35.90373898280384,4,1141.4051770466397
44.62102997405836,69.61816318208028,0,1372.8339634875917
40.972452161148354,75.86235973330416,14,1201.2104941884713
23.116567030081672,45.90278569950024,4,1114.545924408913
43.02104706543431,31.25669766185477,12,1722.1271909224756
41.747409051553205,34.93030004858564,7,1522.9601740502965
32.97095142815181,88.07160209070183,7,901.8363144970122
34.78188589362323,47.72668664864521,4,1323.3271781937444
29.975067596753256,76.15338887028801,8,905.7909283469653
21.369040970550785,67.47981413125584,0,794.7558788565709
28.379931041147522,52.91637837917375,3,1168.7291144290766
40.071336214950286,42.341235731733306,2,1534.3999673914168
20.11580057511507,37.283185089564384,1,1138.4136864762977
28.337479292278605,66.900778082332,7,926.018537929768
29.954217339773585,76.47802683826728,22,881.4374375540623
33.434890073448074,68.63425521246785,8,1060.7490638780803
42.99639041031901,61.8181279949495,1,1419.9775153149226
28.65864985914903,32.517073405898174,13,1385.664730019055
28.673830047405694,88.10932665566303,13,818.9548882515736
38.43753120274371,77.92285149927447,3,1005.8478690783237
31.30544852224518,47.56932220205788,5,1217.5815089188193
25.61512057349955,88.79821976153104,10,712.673396155139
31.310987903317333,66.11289537817933,2,1014.9318127384133
23.521425509494996,64.94535949243479,7,926.9724492734891
24.409674662655583,74.88439076577193,2,819.2913753148335
32.45919431848699,78.70618728540825,13,1097.0967361492246
30.473136237613698,69.38871643989016,12,1119.4757289887461
42.8711475267025,37.685744781972005,12,1600.121305823813
29.059847477915827,50.296050359669906,1,1132.3955538745918
34.51470875695109,85.685018419563,12,1052.5760877266014
35.80660719798826,43.476936710631115,18,1514.364901327628
20.327361414708342,52.330021430250795,5,873.5346018143823
36.58843430041777,55.92461297665176,15,1327.1654374404227
24.450899171743785,56.36429938166713,1,1012.781074223368
44.026757936736374,66.77637494967152,7,1345.227416241009
23.716568193827825,86.58455026468246,16,855.6192674378071
30.365603093175594,44.4415627099503,22,1238.693583797619
22.133741701966095,37.290082578055085,1,1066.7390825255754
44.92185629614868,41.848229391596234,9,1658.9052170144746
32.554875258281065,83.21549401255618,15,1038.4407684702699
34.88462543300109,68.74864875931236,5,1095.0180319909093
21.676911934710688,47.15440735434961,1,1026.7422911437345
38.749011759979446,78.95681633811704,1,1063.5491015495338
25.247639827389644,81.68219978180616,12,880.641067086293
42.45135723601784,80.79086032141669,23,1118.395494441941
25.12849101205018,85.13559201837327,14,817.6519150744131
24.767193016591662,45.134461210401696,1,1145.3893940148132
20.913741696202372,75.3025157247767,6,761.4806960551422
31.80167362774998,57.632369836448404,2,1194.7743905281272
34.12102833156541,80.5199131734037,7,953.2924399040617
21.642715985708808,73.70944062969679,22,774.2305854080944
39.38819041737526,76.58684678998347,13,1211.7754829476582
31.332220868700688,69.36971026086428,23,983.6010485569383
33.1097567331895,40.645726168182414,22,1311.7268634408495
31.019068673455706,62.7016151338163,21,1030.3495075637716
30.01907652188315,89.0801843714705,6,852.0302323867858
33.99100828270545,86.24328398982713,20,912.1254773517744
23.88100614826781,32.5904241478207,6,1186.035124183196
24.548203262381776,39.888888943766226,0,1234.7656039254266
41.54464052533793,37.903726407273716,16,1574.0784383552498
43.65288655334082,73.55879459911773,8,1193.8858811337948
29.332732906993826,79.0671197914167,20,886.1995322818619
26.768616828588844,42.81068197864032,12,1331.2016972587685
36.09998858097539,60.351161577109735,20,1198.7400460235817
30.21835427745241,80.44218168067201,18,978.7122119481073
20.63465889150862,73.96809268597504,20,809.3662519929698
23.90381493415476,62.5342323295109,18,1024.8976402883065
37.89930572118494,65.42086142752638,21,1267.3310826321483
36.473098547753786,60.5016328149768,16,1239.0898425736937
20.677399812587087,47.85290707912924,22,982.8521833079325
25.549304048323737,63.90131957154097,22,918.8245524498153
25.776869914701784,71.33311812300545,9,944.9827962989916
36.797318589968214,82.39937495164847,9,1014.600289390853
20.492763443859104,68.1774812387549,3,835.4575020828996
22.602714549614348,75.66729222258948,7,799.2307897526368
39.997902134329735,39.60429809727438,21,1554.8437268731527
24.463616551358342,57.693448465187394,19,1026.8950617870948
36.318652696296866,30.559897189625598,19,1499.9664892366088
25.954569526168164,44.80073187129738,17,1241.6265320320238
22.48603481898363,73.5877029067803,13,812.3339663169726
26.07930477498635,89.5085970809618,17,774.5930902888931
38.05667329639148,35.95068597523296,13,1567.596667855279
41.39241170265714,54.08965895167729,19,1393.4175244438761
40.75549661417479,78.00425812194956,20,1155.8206058107994
29.92958824046137,42.24213807773393,23,1243.9680832462486
36.702128414266156,63.30509695813718,14,1308.593168844427
25.124607385395525,73.98427776178049,21,953.7578175598909
27.328693256525334,66.95912701561073,3,896.8487877314695
42.40839546302799,41.28148407692497,12,1524.5731686935978
20.3250480877684,51.323074121144366,22,995.4243709451437
22.1377132713617,77.02750706912383,7,759.651645708352
25.197156378650682,63.253590847921,17,1116.2278393824427
20.663305096845495,30.313776812574766,11,1271.1175499823853
24.535885877244933,75.65944560168563,22,903.7505242143402
34.576039024242306,32.118681296414344,13,1417.8777731980226
30.53561376481245,74.74402696387392,1,1003.9804798241275
42.31679277692437,42.14883360991425,17,1539.071678476429
40.436089043461024,87.48440880716282,23,997.3005643166094
28.5454337924469,52.07644507812507,1,1137.726323747081
26.485585835782313,49.615896980284745,10,1112.3235649262442
29.49231020418167,38.93328301994668,8,1322.6526501502592
34.75737356287019,48.33625292941289,11,1371.3206902991146
26.701591020571907,82.59904570969204,16,871.3509757238813
35.60372269622835,89.78006025763483,14,1008.625402454864
30.23529130478101,52.098571830410904,16,1309.4592101012188
33.8011795212995,56.916637857272555,17,1238.6716593988872
30.903163228382915,73.32425629216422,21,1008.6882336328397
27.361643988547943,83.17174682790447,5,830.164821908663
43.71133267405392,65.58266005120706,16,1387.2807782854547
39.09014485399402,53.491541890669765,22,1366.517361396482
23.502829394161314,54.75731045091742,23,1102.008650602294
41.711699397447816,71.73708878980841,17,1243.8792566264074
32.18577995623784,30.193095816256722,7,1365.4978458020057
42.363805672352285,67.17536024759045,8,1240.6288225403468
39.996381398682885,51.329580626481444,5,1424.4951683856136
30.630337611730837,77.65183987662505,4,937.2548289007252
20.561732708002936,35.57943838938793,11,1182.0603032414297
26.71693398462365,65.29213601690343,10,977.5924561029568
33.54085536652167,58.858373393167426,0,1193.2976794852857
35.83695549565368,68.53953155431364,10,1213.5691081336279
26.447192135830058,33.8912156689781,18,1355.3252887816213
23.483901851820605,64.79902724568788,8,909.0212480217859
40.873255919982476,63.689075277571426,1,1287.9064298388084
44.61005451758881,63.639605664970254,11,1412.8471820299444
33.14225455756714,66.20925999578729,3,1110.2373377543531
24.291982146207587,70.58807623358173,3,820.7436330373785
26.807683162984226,78.29933998084618,17,913.0265809819665
20.459766913686668,46.18924320769286,14,1075.273082773495
42.857470164012476,79.50296461080373,18,1264.1506874727002
22.94377707225353,59.89534093580722,12,1016.5680641745121
34.41291188785634,34.62349674805987,18,1533.7972313676728
26.85138051718015,33.51305575463875,16,1336.807983444728
33.854450062894834,50.05429912176365,5,1263.2603181596874
36.28550970879661,77.09381862668806,15,1179.4845702218681
40.74354509268004,72.46085608445495,23,1212.079100429827
25.16053179401508,77.31689788034438,11,844.3159304565709
20.274895716462012,61.03614338649656,18,989.9852023952984
23.422140751720182,56.41193987732943,4,977.6581795897157
42.50046604620263,38.84715160237704,16,1622.8227117908584
41.847251939062886,49.69156521655869,22,1531.863118158641
34.93532755425771,56.04116197043251,0,1166.7308119989264
35.01292151084134,35.31602578077703,23,1438.3090763207297
36.625916863656386,43.236717162672676,22,1420.5647476915024
24.38428196558624,65.89351764382434,9,1016.9853796067151
42.860298648123994,74.1397868543514,14,1203.746409050922
30.469263122301825,89.90085068357698,22,733.5872421815158
29.578463206237437,85.98679988061346,20,886.2387329181354
32.97294263207094,68.5539119721115,20,1037.898990080112
21.174149169376378,55.27488319764432,10,982.6200260112187
24.157084218901986,68.17064188249395,12,1028.9477491917085
38.45084041065926,77.13909708481393,4,1101.110953101637
22.069966698128162,37.10017145540324,0,1174.2095307926095
35.0788027366597,54.59429338177729,23,1246.6431486578444
26.133727742033024,80.38813713813704,11,807.5940801221316
29.732390351049414,53.02997711598264,10,1248.1328833308812
27.217343419267497,64.31233627363119,16,1071.696031745319
28.89181791162373,65.26616165173189,3,1033.6093079821273
37.97614762960614,41.06857518801836,14,1493.0210487481263
27.428042890579377,51.734126499137304,8,1116.6036103533002
34.16011600742243,50.07067732451593,20,1328.11971638066
31.90126005497749,31.571802511923888,19,1415.2425228200063
36.5917791340662,31.451505833481313,18,1564.1174724198165
43.420743483118954,79.9018226205464,18,1245.891301201104
38.31430243025626,46.38424859836874,11,1462.841609155457
25.37350946476892,61.084725974328926,4,1078.736732429111
20.77957837653212,47.92353441532639,9,998.2878845037133
26.556601107495627,86.44075470692043,16,831.7198469990716
34.87694826750637,45.55780553194643,4,1306.6806210070547
21.28564533710626,55.779408764336104,21,920.8144923610176
32.409156180030905,82.36381502907611,15,951.6917630076396
34.92107122292223,80.51601400750852,6,995.9952548074475
28.356097270424023,41.16608507077664,8,1260.4145484968844
39.272805093645545,78.15859858774263,2,1028.0048052115599
22.664956328344296,57.49121320427356,14,1001.3328030402595
21.87844454339522,58.97813232512131,15,1011.8486451905144
38.20471890509008,38.00879834495663,17,1490.1598721130529
32.38728290515496,34.836090825427476,13,1393.6455546129987
37.2100599106934,73.6763584184259,2,994.6309986549618
30.870683465093656,59.787669141317984,11,1136.3773054699254
26.16005083097767,56.21104215691077,8,1003.609135102905
40.477557941855,73.7704937191438,6,1122.6495774901591
39.985396974224486,75.93077393946658,8,1126.8091849258412
37.367411771360665,39.53449006016122,12,1472.0118909984562
26.803628430749068,66.61350896865848,17,961.6255842354311
34.75576667172717,38.12124493666113,4,1308.110805806271
29.02434742350067,75.08250516174274,12,994.7774621099682
22.289551833165852,69.41730937602837,3,889.259303593457
42.93283938655607,87.39687726500748,1,1064.8507661313279
23.420465772974033,34.13748098138527,15,1263.7457208229143
43.75593384552006,33.423283269075256,8,1641.026370003955
31.150144323948894,46.93122448159201,8,1332.6298204936702
